"buffer_dist_m","area_roads_m2","prop_country"
500,133947532625.375,0.14685089680891
1000,283418772932.85,0.310720923050324
2000,650500892298.358,0.713164606593981
