"buffer_dist_m","area_roads_m2","prop_country"
500,114625261056.246,0.125667282204766
1000,209108090405.35,0.229251782426689
2000,367656312612.442,0.403073189676404
