name,x,y
NGA_lagos,3.36929,6.518853
CMR_douala,9.751776,4.046947
CIV_abidjan,-4.012513,5.353306
