"year","nPos","nNeg","nTotal","propPos"
2013,12,19,31,0.387096774193548
2009,1,3,4,0.25
2011,1,2,3,0.333333333333333
2012,2,5,7,0.285714285714286
2014,15,15,30,0.5
